/* 插入单位信息 */
INSERT INTO t_unit (unit_id, title, address, person, phone, email, unit_type, memo)
VALUES
  (1, '单位1', '风华路201号', 'ride', '123456789', 'ride@gmail.com', 0, '这个是特权单位1'),
  (2, '单位2', '风华路202号', '1111', '123456789', '1111@gmail.com', 1, '这个是单位2'),
  (3, '单位3', '风华路203号', '22222', '123456789', '22222@gmail.com', 0, '这个是特权单位3'),
  (4, '单位4', '中关西路404号', 'tom', '987654321', 'tom@cat.com', 1, '这个是单位4');

/* 插入用户信息 */
INSERT INTO t_user_info (user_id, unit_id, `name`, user_type, `username`, `password`, memo)
VALUES
  (1, NULL, '系统管理员', 0, 'admin', '21232f297a57a5a743894a0e4a801fc3', '系统管理员, 拥有最高权限'),
  (2, 1, '特权单位1管理员', 1, 'unit1admin', '21232f297a57a5a743894a0e4a801fc3', '特权单位1管理员'),
  (3, 1, '特权单位1用户', 3, 'unit1user', '21232f297a57a5a743894a0e4a801fc3', '特权单位1用户'),
  (4, 2, '单位2管理员', 2, 'unit2admin', '21232f297a57a5a743894a0e4a801fc3', '单位2管理员'),
  (5, 2, '单位2用户', 3, 'unit2user1', '21232f297a57a5a743894a0e4a801fc3', '单位2用户'),
  (6, 2, '单位2用户', 3, 'unit2user2', '21232f297a57a5a743894a0e4a801fc3', '单位2用户'),
  (7, 2, '单位2用户', 3, 'unit2user3', '21232f297a57a5a743894a0e4a801fc3', '单位2用户'),
  (8, 2, '单位2用户', 3, 'unit2user4', '21232f297a57a5a743894a0e4a801fc3', '单位2用户'),
  (9, 2, '单位2用户', 3, 'unit2user5', '21232f297a57a5a743894a0e4a801fc3', '单位2用户'),
  (10, 2, '单位2用户', 3, 'unit2use6r', '21232f297a57a5a743894a0e4a801fc3', '单位2用户'),
  (11, 2, '单位2用户', 3, 'unit2use7r', '21232f297a57a5a743894a0e4a801fc3', '单位2用户'),
  (12, 2, '单位2用户', 3, 'unit2use8r', '21232f297a57a5a743894a0e4a801fc3', '单位2用户'),
  (13, 2, '单位2用户', 3, 'unit2use9r', '21232f297a57a5a743894a0e4a801fc3', '单位2用户'),
  (14, 2, '单位2用户', 3, 'unit2user10', '21232f297a57a5a743894a0e4a801fc3', '单位2用户'),
  (15, 2, '单位2用户', 3, 'unit2user11', '21232f297a57a5a743894a0e4a801fc3', '单位2用户'),
  (16, 2, '单位2用户', 3, 'unit2user12', '21232f297a57a5a743894a0e4a801fc3', '单位2用户'),
  (17, 2, '单位2用户', 3, 'unit2user13', '21232f297a57a5a743894a0e4a801fc3', '单位2用户'),
  (18, 2, '单位2用户', 3, 'unit2user14', '21232f297a57a5a743894a0e4a801fc3', '单位2用户'),
  (19, 2, '单位2用户', 3, 'unit2user15', '21232f297a57a5a743894a0e4a801fc3', '单位2用户'),
  (20, 2, '单位2用户', 3, 'unit2user16', '21232f297a57a5a743894a0e4a801fc3', '单位2用户'),
  (21, 2, '单位2用户', 3, 'unit2user17', '21232f297a57a5a743894a0e4a801fc3', '单位2用户'),
  (22, 1, '特权单位1用户', 3, 'unit1user1', '21232f297a57a5a743894a0e4a801fc3', '特权单位1用户'),
  (23, 1, '特权单位1用户', 3, 'unit1user2', '21232f297a57a5a743894a0e4a801fc3', '特权单位1用户'),
  (24, 1, '特权单位1用户', 3, 'unit1user3', '21232f297a57a5a743894a0e4a801fc3', '特权单位1用户'),
  (25, 1, '特权单位1用户', 3, 'unit1user4', '21232f297a57a5a743894a0e4a801fc3', '特权单位1用户'),
  (26, 1, '特权单位1用户', 3, 'unit1user5', '21232f297a57a5a743894a0e4a801fc3', '特权单位1用户'),
  (27, 1, '特权单位1用户', 3, 'unit1user6', '21232f297a57a5a743894a0e4a801fc3', '特权单位1用户'),
  (28, 1, '特权单位1用户', 3, 'unit1user7', '21232f297a57a5a743894a0e4a801fc3', '特权单位1用户'),
  (29, 1, '特权单位1用户', 3, 'unit1user8', '21232f297a57a5a743894a0e4a801fc3', '特权单位1用户'),
  (30, 1, '特权单位1用户', 3, 'unit1user9', '21232f297a57a5a743894a0e4a801fc3', '特权单位1用户');


/* 插入网关信息 */
INSERT INTO t_getway (getway_id, getway_mark, spare_node, node_num, status, now_temper, now_humidity, time_inter, memo)
VALUES
  (1, '1001', 0, '101', 0, 12.3, 12.3, 10, '网关节点1'),
  (2, '1002', 0, '102', 0, 15.3, 22.3, 10, '网关节点2'),
  (3, '1003', 0, '102', 0, 15.3, 22.3, 10, '网关节点3'),
  (4, '1004', 0, '102', 0, 15.3, 22.3, 10, '网关节点4'),
  (5, '1005', 0, '102', 0, 15.3, 22.3, 10, '网关节点5'),
  (6, '1006', 0, '102', 0, 15.3, 22.3, 10, '网关节点6'),
  (7, '1007', 0, '102', 0, 15.3, 22.3, 10, '网关节点7');

/* 插入节点信息 */
INSERT INTO t_node (node_id, node_mark, getway_id, spare_node, node_num, type, status, now_temper, now_humidity, time_inter, memo)
VALUES
  (1, '1001', 1, 0, '101', 0, 0, 12.3, 12.3, 10, '网关节点1'),
  (2, '1002', 2, 0, '102', 0, 0, 15.3, 22.3, 10, '网关节点2'),
  (3, '1003', 3, 0, '102', 0, 0, 15.3, 22.3, 10, '网关节点3'),
  (4, '1004', 4, 0, '102', 0, 0, 15.3, 22.3, 10, '网关节点4'),
  (5, '1005', 5, 0, '102', 0, 0, 15.3, 22.3, 10, '网关节点5'),
  (6, '1006', 6, 0, '102', 0, 0, 15.3, 22.3, 10, '网关节点6'),
  (7, '1007', 7, 0, '102', 0, 0, 15.3, 22.3, 10, '网关节点7'),
  (11, '10011', 1, 0, '1012', 1, 0, 13.4, 13.4, 10, '网关节点1子节点1'),
  (12, '10012', 1, 0, '1012', 1, 0, 13.4, 13.4, 10, '网关节点1子节点2'),
  (13, '10013', 1, 0, '1012', 1, 0, 13.4, 13.4, 10, '网关节点1子节点3'),
  (14, '10014', 1, 0, '1012', 1, 0, 13.4, 13.4, 10, '网关节点1子节点4'),
  (15, '10015', 1, 0, '1012', 1, 0, 13.4, 13.4, 10, '网关节点1子节点5'),
  (16, '10016', 1, 0, '1012', 1, 0, 13.4, 13.4, 10, '网关节点1子节点6'),
  (17, '10017', 1, 0, '1012', 1, 0, 13.4, 13.4, 10, '网关节点1子节点7'),
  (18, '10018', 1, 0, '1012', 1, 0, 13.4, 13.4, 10, '网关节点1子节点8'),
  (21, '10021', 2, 0, '1012', 1, 0, 13.4, 13.4, 10, '网关节点2子节点1'),
  (22, '10022', 2, 0, '1012', 1, 0, 13.4, 13.4, 10, '网关节点2子节点2'),
  (23, '10023', 2, 0, '1012', 1, 0, 13.4, 13.4, 10, '网关节点2子节点3'),
  (24, '10024', 2, 0, '1012', 1, 0, 13.4, 13.4, 10, '网关节点2子节点4'),
  (25, '10025', 2, 0, '1012', 1, 0, 13.4, 13.4, 10, '网关节点2子节点5'),
  (26, '10026', 2, 0, '1012', 1, 0, 13.4, 13.4, 10, '网关节点2子节点6'),
  (27, '10027', 2, 0, '1012', 1, 0, 13.4, 13.4, 10, '网关节点2子节点7'),
  (28, '10028', 2, 0, '1012', 1, 0, 13.4, 13.4, 10, '网关节点2子节点8'),
  (31, '10031', 3, 0, '1012', 1, 0, 13.4, 13.4, 10, '网关节点3子节点1'),
  (32, '10032', 3, 0, '1012', 1, 0, 13.4, 13.4, 10, '网关节点3子节点2'),
  (33, '10033', 3, 0, '1012', 1, 0, 13.4, 13.4, 10, '网关节点3子节点3'),
  (34, '10034', 3, 0, '1012', 1, 0, 13.4, 13.4, 10, '网关节点3子节点4'),
  (35, '10035', 3, 0, '1012', 1, 0, 13.4, 13.4, 10, '网关节点3子节点5'),
  (36, '10036', 3, 0, '1012', 1, 0, 13.4, 13.4, 10, '网关节点3子节点6'),
  (37, '10037', 3, 0, '1012', 1, 0, 13.4, 13.4, 10, '网关节点3子节点7'),
  (38, '10038', 3, 0, '1012', 1, 0, 13.4, 13.4, 10, '网关节点3子节点8'),
  (41, '10041', 4, 0, '1012', 1, 0, 13.4, 13.4, 10, '网关节点4子节点1'),
  (42, '10042', 4, 0, '1012', 1, 0, 13.4, 13.4, 10, '网关节点4子节点2'),
  (43, '10043', 4, 0, '1012', 1, 0, 13.4, 13.4, 10, '网关节点4子节点3'),
  (44, '10044', 4, 0, '1012', 1, 0, 13.4, 13.4, 10, '网关节点4子节点4'),
  (45, '10045', 4, 0, '1012', 1, 0, 13.4, 13.4, 10, '网关节点4子节点5'),
  (46, '10046', 4, 0, '1012', 1, 0, 13.4, 13.4, 10, '网关节点4子节点6'),
  (47, '10047', 4, 0, '1012', 1, 0, 13.4, 13.4, 10, '网关节点4子节点7'),
  (48, '10048', 4, 0, '1012', 1, 0, 13.4, 13.4, 10, '网关节点4子节点8'),
  (51, '10051', 5, 0, '1012', 1, 0, 13.4, 13.4, 10, '网关节点5子节点1'),
  (52, '10052', 5, 0, '1012', 1, 0, 13.4, 13.4, 10, '网关节点5子节点2'),
  (53, '10053', 5, 0, '1012', 1, 0, 13.4, 13.4, 10, '网关节点5子节点3'),
  (54, '10054', 5, 0, '1012', 1, 0, 13.4, 13.4, 10, '网关节点5子节点4'),
  (55, '10055', 5, 0, '1012', 1, 0, 13.4, 13.4, 10, '网关节点5子节点5'),
  (56, '10056', 5, 0, '1012', 1, 0, 13.4, 13.4, 10, '网关节点5子节点6'),
  (57, '10057', 5, 0, '1012', 1, 0, 13.4, 13.4, 10, '网关节点5子节点7'),
  (58, '10058', 5, 0, '1012', 1, 0, 13.4, 13.4, 10, '网关节点5子节点8'),
  (61, '10061', 6, 0, '1012', 1, 0, 13.4, 13.4, 10, '网关节点6子节点1'),
  (62, '10062', 6, 0, '1012', 1, 0, 13.4, 13.4, 10, '网关节点6子节点2'),
  (63, '10063', 6, 0, '1012', 1, 0, 13.4, 13.4, 10, '网关节点6子节点3'),
  (64, '10064', 6, 0, '1012', 1, 0, 13.4, 13.4, 10, '网关节点6子节点4'),
  (65, '10065', 6, 0, '1012', 1, 0, 13.4, 13.4, 10, '网关节点6子节点5'),
  (66, '10066', 6, 0, '1012', 1, 0, 13.4, 13.4, 10, '网关节点6子节点6'),
  (67, '10067', 6, 0, '1012', 1, 0, 13.4, 13.4, 10, '网关节点6子节点7'),
  (68, '10068', 6, 0, '1012', 1, 0, 13.4, 13.4, 10, '网关节点6子节点8'),
  (71, '10071', 7, 0, '1012', 1, 0, 13.4, 13.4, 10, '网关节点7子节点1'),
  (72, '10072', 7, 0, '1012', 1, 0, 13.4, 13.4, 10, '网关节点7子节点2'),
  (73, '10073', 7, 0, '1012', 1, 0, 13.4, 13.4, 10, '网关节点7子节点3'),
  (74, '10074', 7, 0, '1012', 1, 0, 13.4, 13.4, 10, '网关节点7子节点4'),
  (75, '10075', 7, 0, '1012', 1, 0, 13.4, 13.4, 10, '网关节点7子节点5'),
  (76, '10076', 7, 0, '1012', 1, 0, 13.4, 13.4, 10, '网关节点7子节点6'),
  (77, '10077', 7, 0, '1012', 1, 0, 13.4, 13.4, 10, '网关节点7子节点7'),
  (78, '10078', 7, 0, '1012', 1, 0, 13.4, 13.4, 10, '网关节点7子节点8');

/* 插入温湿度信息 */
INSERT INTO t_temper_humid (node_id, temper, humidity, report_time, type) VALUES
  (1, 12.3, 32.1, '2017-10-31 10:10:10', 0),
  (1, 15.3, 22.1, '2017-10-31 10:20:20', 0),
  (1, 17.3, 27.1, '2017-10-31 10:30:30', 0),
  (1, 32.2, 42.6, '2017-10-31 10:40:40', 0),
  (1, 27.3, 12.7, '2017-10-31 10:50:50', 0),
  (2, 22.3, 32.1, '2017-10-31 10:10:10', 0),
  (2, 25.3, 22.1, '2017-10-31 10:20:20', 0),
  (2, 27.3, 22.1, '2017-10-31 10:30:30', 0),
  (2, 22.2, 42.6, '2017-10-31 10:40:40', 0),
  (2, 27.3, 12.7, '2017-10-31 10:50:50', 0),
  (3, 13.3, 31.1, '2017-10-31 10:10:10', 0),
  (3, 13.3, 21.1, '2017-10-31 10:20:20', 0),
  (3, 13.3, 21.1, '2017-10-31 10:30:30', 0),
  (3, 33.2, 41.6, '2017-10-31 10:40:40', 0),
  (3, 23.3, 11.7, '2017-10-31 10:50:50', 0);

/* 插入租赁信息 */
INSERT INTO t_rent (getway_id, unit_id, start_time, end_time, pay)
VALUES
  (1, 1, '2017-10-10 00:00:00', '2018-1-1 00:00:00', 12345),
  (2, 1, '2017-12-10 00:00:00', '2018-6-1 00:00:00', 12345),
  (1, 2, '2017-10-17 00:00:00', '2018-1-1 00:00:00', 12345),
  (3, 1, '2017-8-10 00:00:00', '2018-12-1 00:00:00', 12345),
  (3, 2, '2017-12-10 00:00:00', '2018-3-1 00:00:00', 12345),
  (2, 1, '2017-10-10 00:00:00', '2018-1-1 00:00:00', 11111);


INSERT INTO t_repair (node_id, fault_desc, phone, person, address) VALUES
  (1, '节点1错误', '123123123', 'ride', '111111'),
  (2, '节点2错误', '123123123', 'ride', '22222'),
  (3, '节点3错误', '123123123', 'ride', '33333'),
  (4, '节点4错误', '123123123', 'ride', '444444'),
  (5, '节点5错误', '123123123', 'ride', '5555'),
  (6, '节点6错误', '123123123', 'ride', '6666'),
  (7, '节点7错误', '123123123', 'ride', '7777');

