/* 插入单位信息 */
INSERT INTO t_unit (unit_id, title, address, person, phone, email, unit_type, memo)
VALUES
  (1, '单位1', '风华路201号', 'ride', '123456789', 'ride@gmail.com', 0, '这个是特权单位1'),
  (2, '单位2', '风华路202号', '1111', '123456789', '1111@gmail.com', 0, '这个是特权单位2'),
  (3, '单位3', '风华路203号', '22222', '123456789', '22222@gmail.com', 0, '这个是特权单位3'),
  (4, '单位4', '中关西路404号', 'tom', '987654321', 'tom@cat.com', 1, '这个是单位4');

/* 插入用户信息 */
INSERT INTO t_user_info (user_id, unit_id, `name`, user_type, `username`, `password`, memo)
VALUES
  (1, NULL, '系统管理员', 0, 'admin', '21232f297a57a5a743894a0e4a801fc3', '系统管理员, 拥有最高权限'),
  (2, 1, '特权单位1管理员', 1, 'unit1admin', '21232f297a57a5a743894a0e4a801fc3', '特权单位1管理员'),
  (3, 1, '特权单位1用户', 3, 'unit1user', '21232f297a57a5a743894a0e4a801fc3', '特权单位1用户'),
  (4, 2, '单位2管理员', 2, 'unit2admin', '21232f297a57a5a743894a0e4a801fc3', '单位2管理员'),
  (5, 2, '单位2用户', 3, 'unit2user1', '21232f297a57a5a743894a0e4a801fc3', '单位2用户'),
  (6, 2, '单位2用户', 3, 'unit2user2', '21232f297a57a5a743894a0e4a801fc3', '单位2用户'),
  (7, 2, '单位2用户', 3, 'unit2user3', '21232f297a57a5a743894a0e4a801fc3', '单位2用户'),
  (8, 2, '单位2用户', 3, 'unit2user4', '21232f297a57a5a743894a0e4a801fc3', '单位2用户'),
  (9, 2, '单位2用户', 3, 'unit2user5', '21232f297a57a5a743894a0e4a801fc3', '单位2用户'),
  (10, 2, '单位2用户', 3, 'unit2use6r', '21232f297a57a5a743894a0e4a801fc3', '单位2用户'),
  (11, 2, '单位2用户', 3, 'unit2use7r', '21232f297a57a5a743894a0e4a801fc3', '单位2用户'),
  (12, 2, '单位2用户', 3, 'unit2use8r', '21232f297a57a5a743894a0e4a801fc3', '单位2用户'),
  (13, 2, '单位2用户', 3, 'unit2use9r', '21232f297a57a5a743894a0e4a801fc3', '单位2用户'),
  (14, 2, '单位2用户', 3, 'unit2user10', '21232f297a57a5a743894a0e4a801fc3', '单位2用户'),
  (15, 2, '单位2用户', 3, 'unit2user11', '21232f297a57a5a743894a0e4a801fc3', '单位2用户'),
  (16, 2, '单位2用户', 3, 'unit2user12', '21232f297a57a5a743894a0e4a801fc3', '单位2用户'),
  (17, 2, '单位2用户', 3, 'unit2user13', '21232f297a57a5a743894a0e4a801fc3', '单位2用户'),
  (18, 2, '单位2用户', 3, 'unit2user14', '21232f297a57a5a743894a0e4a801fc3', '单位2用户'),
  (19, 2, '单位2用户', 3, 'unit2user15', '21232f297a57a5a743894a0e4a801fc3', '单位2用户'),
  (20, 2, '单位2用户', 3, 'unit2user16', '21232f297a57a5a743894a0e4a801fc3', '单位2用户'),
  (21, 2, '单位2用户', 3, 'unit2user17', '21232f297a57a5a743894a0e4a801fc3', '单位2用户'),
  (22, 1, '特权单位1用户', 3, 'unit1user1', '21232f297a57a5a743894a0e4a801fc3', '特权单位1用户'),
  (23, 1, '特权单位1用户', 3, 'unit1user2', '21232f297a57a5a743894a0e4a801fc3', '特权单位1用户'),
  (24, 1, '特权单位1用户', 3, 'unit1user3', '21232f297a57a5a743894a0e4a801fc3', '特权单位1用户'),
  (25, 1, '特权单位1用户', 3, 'unit1user4', '21232f297a57a5a743894a0e4a801fc3', '特权单位1用户'),
  (26, 1, '特权单位1用户', 3, 'unit1user5', '21232f297a57a5a743894a0e4a801fc3', '特权单位1用户'),
  (27, 1, '特权单位1用户', 3, 'unit1user6', '21232f297a57a5a743894a0e4a801fc3', '特权单位1用户'),
  (28, 1, '特权单位1用户', 3, 'unit1user7', '21232f297a57a5a743894a0e4a801fc3', '特权单位1用户'),
  (29, 1, '特权单位1用户', 3, 'unit1user8', '21232f297a57a5a743894a0e4a801fc3', '特权单位1用户'),
  (30, 1, '特权单位1用户', 3, 'unit1user9', '21232f297a57a5a743894a0e4a801fc3', '特权单位1用户');


/* 插入网关信息 */
INSERT INTO t_getway (getway_id, getway_mark, spare_node, node_num, status, now_temper, now_humidity, time_inter, memo)
VALUES
  (1, '1001', 0, '101', 0, 12.3, 12.3, 10, '网关节点1'),
  (2, '1002', 0, '102', 0, 15.3, 22.3, 10, '网关节点2'),
  (3, '1003', 0, '102', 0, 15.3, 22.3, 10, '网关节点3'),
  (4, '1004', 0, '102', 0, 15.3, 22.3, 10, '网关节点4'),
  (5, '1005', 0, '102', 0, 15.3, 22.3, 10, '网关节点5'),
  (6, '1006', 0, '102', 0, 15.3, 22.3, 10, '网关节点6'),
  (7, '1007', 0, '102', 0, 15.3, 22.3, 10, '网关节点7');

/* 插入节点信息 */
INSERT INTO t_node (node_id, node_mark, getway_id, spare_node, node_num, type, status, now_temper, now_humidity, time_inter, memo)
VALUES
  (1, '1001', 1, 0, '101', 0, 0, 12.3, 12.3, 10, '网关节点1'),
  (2, '1002', 2, 0, '102', 0, 0, 15.3, 22.3, 10, '网关节点2'),
  (3, '1003', 3, 0, '102', 0, 0, 15.3, 22.3, 10, '网关节点3'),
  (4, '1004', 4, 0, '102', 0, 0, 15.3, 22.3, 10, '网关节点4'),
  (5, '1005', 5, 0, '102', 0, 0, 15.3, 22.3, 10, '网关节点5'),
  (6, '1006', 6, 0, '102', 0, 0, 15.3, 22.3, 10, '网关节点6'),
  (7, '1007', 7, 0, '102', 0, 0, 15.3, 22.3, 10, '网关节点7'),
  (8, '10012', 1, 0, '1012', 1, 0, 13.4, 13.4, 10, '网关节点1子节点1'),
  (9, '10013', 1, 0, '1013', 1, 0, 16.4, 23.4, 10, '网关节点1子节点2'),
  (10, '10014', 1, 0, '1014', 1, 0, 12.4, 21.4, 10, '网关节点1子节点3'),
  (11, '10021', 2, 0, '1022', 1, 0, 26.4, 25.2, 10, '网关节点2子节点2'),
  (12, '10022', 2, 0, '1023', 1, 0, 36.4, 22.1, 10, '网关节点2子节点3'),
  (13, '10023', 2, 0, '1023', 1, 0, 36.4, 22.1, 10, '网关节点2子节点3'),
  (14, '10032', 3, 0, '1012', 1, 0, 13.4, 13.4, 10, '网关节点3子节点1'),
  (15, '10042', 4, 0, '1012', 1, 0, 13.4, 13.4, 10, '网关节点4子节点1'),
  (16, '10052', 5, 0, '1012', 1, 0, 13.4, 13.4, 10, '网关节点5子节点1'),
  (17, '10062', 6, 0, '1012', 1, 0, 13.4, 13.4, 10, '网关节点6子节点1'),
  (18, '10072', 7, 0, '1012', 1, 0, 13.4, 13.4, 10, '网关节点7子节点1');
/* 插入温湿度信息 */
INSERT INTO t_temper_humid (node_id, temper, humidity, report_time, type) VALUES
  (1, 12.3, 32.1, '2017-10-31 10:10:10', 0),
  (1, 15.3, 22.1, '2017-10-31 10:20:20', 0),
  (1, 17.3, 27.1, '2017-10-31 10:30:30', 0),
  (1, 32.2, 42.6, '2017-10-31 10:40:40', 0),
  (1, 27.3, 12.7, '2017-10-31 10:50:50', 0),
  (2, 22.3, 32.1, '2017-10-31 10:10:10', 0),
  (2, 25.3, 22.1, '2017-10-31 10:20:20', 0),
  (2, 27.3, 22.1, '2017-10-31 10:30:30', 0),
  (2, 22.2, 42.6, '2017-10-31 10:40:40', 0),
  (2, 27.3, 12.7, '2017-10-31 10:50:50', 0),
  (3, 13.3, 31.1, '2017-10-31 10:10:10', 0),
  (3, 13.3, 21.1, '2017-10-31 10:20:20', 0),
  (3, 13.3, 21.1, '2017-10-31 10:30:30', 0),
  (3, 33.2, 41.6, '2017-10-31 10:40:40', 0),
  (3, 23.3, 11.7, '2017-10-31 10:50:50', 0);

/* 插入租赁信息 */
INSERT INTO t_rent (getway_id, unit_id, start_time, end_time, pay)
VALUES
  (1, 1, '2017-10-10 00:00:00', '2018-1-1 00:00:00', 12345),
  (1, 1, '2017-10-10 00:00:00', '2018-1-1 00:00:00', 12345),
  (1, 1, '2017-10-10 00:00:00', '2018-1-1 00:00:00', 12345),
  (1, 1, '2017-10-10 00:00:00', '2018-1-1 00:00:00', 12345),
  (1, 1, '2017-10-10 00:00:00', '2018-1-1 00:00:00', 12345),
  (2, 1, '2017-10-10 00:00:00', '2018-1-1 00:00:00', 11111);

/* 更新租赁信息的状态 */
UPDATE t_rent
SET `status` = (CASE WHEN CURRENT_TIME > end_time
  THEN 0
                WHEN CURRENT_TIME < start_time
                  THEN 2
                ELSE 1 END)
WHERE rent_id = 1;

